tiempo_espera,abierta,mes,fin_de_semana,temperatura,humedad,sensacion_termica,codigo_clima,hora_num,zona_DC Super Heroes World,zona_Movie World Studios,zona_Old West Territory,dia_semana_Miércoles,dia_semana_Sábado,dia_semana_Thursday,dia_semana_Viernes,temporada_baja
5,1,10,0,17.2,71,16.5,2,16,False,False,False,False,False,True,False,False
5,1,10,0,17.2,71,16.5,2,16,False,False,False,False,False,True,False,False
15,1,10,0,17.2,71,16.5,2,16,False,False,False,False,False,True,False,False
20,1,10,0,17.2,71,16.5,2,16,False,False,False,False,False,True,False,False
5,1,10,0,17.2,71,16.5,2,16,False,False,False,False,False,True,False,False
5,1,10,0,17.2,71,16.5,2,16,False,False,False,False,False,True,False,False
10,1,10,0,17.2,71,16.5,2,16,False,False,False,False,False,True,False,False
20,1,10,0,17.2,71,16.5,2,16,True,False,False,False,False,True,False,False
5,1,10,0,17.2,71,16.5,2,16,True,False,False,False,False,True,False,False
15,1,10,0,17.2,71,16.5,2,16,True,False,False,False,False,True,False,False
10,1,10,0,17.2,71,16.5,2,16,True,False,False,False,False,True,False,False
10,1,10,0,17.2,71,16.5,2,16,True,False,False,False,False,True,False,False
5,1,10,0,17.2,71,16.5,2,16,False,True,False,False,False,True,False,False
5,1,10,0,17.2,71,16.5,2,16,False,True,False,False,False,True,False,False
20,1,10,0,17.2,71,16.5,2,16,False,False,True,False,False,True,False,False
5,1,10,0,17.2,71,16.5,2,16,False,False,True,False,False,True,False,False
5,1,10,0,17.2,71,16.5,2,16,False,False,False,False,False,True,False,False
5,1,10,0,17.2,71,16.5,2,16,False,False,False,False,False,True,False,False
10,1,10,0,17.2,71,16.5,2,16,False,False,False,False,False,True,False,False
999,1,10,0,17.2,71,16.5,2,16,False,False,False,False,False,True,False,False
5,1,10,0,17.2,71,16.5,2,16,False,False,False,False,False,True,False,False
5,1,10,0,17.2,71,16.5,2,16,False,False,False,False,False,True,False,False
10,1,10,0,17.2,71,16.5,2,16,False,False,False,False,False,True,False,False
15,1,10,0,17.2,71,16.5,2,16,True,False,False,False,False,True,False,False
10,1,10,0,17.2,71,16.5,2,16,True,False,False,False,False,True,False,False
5,1,10,0,17.2,71,16.5,2,16,True,False,False,False,False,True,False,False
15,1,10,0,17.2,71,16.5,2,16,True,False,False,False,False,True,False,False
10,1,10,0,17.2,71,16.5,2,16,True,False,False,False,False,True,False,False
10,1,10,0,17.2,71,16.5,2,16,True,False,False,False,False,True,False,False
5,1,10,0,17.2,71,16.5,2,16,False,True,False,False,False,True,False,False
5,1,10,0,17.2,71,16.5,2,16,False,True,False,False,False,True,False,False
30,1,10,0,17.2,71,16.5,2,16,False,False,True,False,False,True,False,False
5,1,10,0,17.2,71,16.5,2,16,False,False,True,False,False,True,False,False
5,1,10,0,17.2,71,16.5,2,16,False,False,False,False,False,True,False,False
5,1,10,0,17.2,71,16.5,2,16,False,False,False,False,False,True,False,False
20,1,10,0,17.2,71,16.5,2,16,False,False,False,False,False,True,False,False
5,1,10,0,17.2,71,16.5,2,16,False,False,False,False,False,True,False,False
5,1,10,0,17.2,71,16.5,2,16,False,False,False,False,False,True,False,False
5,1,10,0,17.2,71,16.5,2,16,False,False,False,False,False,True,False,False
10,1,10,0,17.2,71,16.5,2,16,False,False,False,False,False,True,False,False
10,1,10,0,17.2,71,16.5,2,16,True,False,False,False,False,True,False,False
20,1,10,0,17.2,71,16.5,2,16,True,False,False,False,False,True,False,False
5,1,10,0,17.2,71,16.5,2,16,True,False,False,False,False,True,False,False
15,1,10,0,17.2,71,16.5,2,16,True,False,False,False,False,True,False,False
15,1,10,0,17.2,71,16.5,2,16,True,False,False,False,False,True,False,False
10,1,10,0,17.2,71,16.5,2,16,True,False,False,False,False,True,False,False
5,1,10,0,17.2,71,16.5,2,16,False,True,False,False,False,True,False,False
20,1,10,0,17.2,71,16.5,2,16,False,False,True,False,False,True,False,False
5,1,10,0,17.2,71,16.5,2,16,False,False,True,False,False,True,False,False
5,1,10,0,17.2,72,16.6,2,17,False,False,False,False,False,True,False,False
5,1,10,0,17.2,72,16.6,2,17,False,False,False,False,False,True,False,False
20,1,10,0,17.2,72,16.6,2,17,False,False,False,False,False,True,False,False
10,1,10,0,17.2,72,16.6,2,17,False,False,False,False,False,True,False,False
5,1,10,0,17.2,72,16.6,2,17,False,False,False,False,False,True,False,False
5,1,10,0,17.2,72,16.6,2,17,False,False,False,False,False,True,False,False
10,1,10,0,17.2,72,16.6,2,17,False,False,False,False,False,True,False,False
15,1,10,0,17.2,72,16.6,2,17,True,False,False,False,False,True,False,False
20,1,10,0,17.2,72,16.6,2,17,True,False,False,False,False,True,False,False
5,1,10,0,17.2,72,16.6,2,17,True,False,False,False,False,True,False,False
15,1,10,0,17.2,72,16.6,2,17,True,False,False,False,False,True,False,False
25,1,10,0,17.2,72,16.6,2,17,True,False,False,False,False,True,False,False
10,1,10,0,17.2,72,16.6,2,17,True,False,False,False,False,True,False,False
5,1,10,0,17.2,72,16.6,2,17,False,True,False,False,False,True,False,False
5,1,10,0,17.2,72,16.6,2,17,False,True,False,False,False,True,False,False
20,1,10,0,17.2,72,16.6,2,17,False,False,True,False,False,True,False,False
5,1,10,0,17.2,72,16.6,2,17,False,False,True,False,False,True,False,False
5,1,10,0,19.1,64,18.8,3,11,False,False,False,False,False,False,False,False
5,1,10,0,19.1,64,18.8,3,11,False,False,False,False,False,False,False,False
5,1,10,0,19.1,64,18.8,3,11,False,False,False,False,False,False,False,False
5,1,10,0,19.1,64,18.8,3,11,False,False,False,False,False,False,False,False
5,1,10,0,19.1,64,18.8,3,11,False,False,False,False,False,False,False,False
5,1,10,0,19.1,64,18.8,3,11,False,False,False,False,False,False,False,False
5,1,10,0,19.1,64,18.8,3,11,False,False,False,False,False,False,False,False
5,1,10,0,19.1,64,18.8,3,11,False,False,False,False,False,False,False,False
5,1,10,0,19.1,64,18.8,3,11,False,False,False,False,False,False,False,False
5,1,10,0,19.1,64,18.8,3,11,False,False,False,False,False,False,False,False
5,1,10,0,19.1,64,18.8,3,11,False,False,False,False,False,False,False,False
5,1,10,0,19.1,64,18.8,3,11,False,False,False,False,False,False,False,False
5,1,10,0,19.1,64,18.8,3,11,False,False,False,False,False,False,False,False
10,1,10,0,19.1,64,18.8,3,11,False,False,False,False,False,False,False,False
5,1,10,0,19.1,64,18.8,3,11,False,False,False,False,False,False,False,False
15,1,10,0,19.1,64,18.8,3,11,True,False,False,False,False,False,False,False
5,1,10,0,19.1,64,18.8,3,11,True,False,False,False,False,False,False,False
5,1,10,0,19.1,64,18.8,3,11,True,False,False,False,False,False,False,False
5,1,10,0,19.1,64,18.8,3,11,True,False,False,False,False,False,False,False
5,1,10,0,19.1,64,18.8,3,11,True,False,False,False,False,False,False,False
5,1,10,0,19.1,64,18.8,3,11,True,False,False,False,False,False,False,False
5,1,10,0,19.1,64,18.8,3,11,False,True,False,False,False,False,False,False
5,1,10,0,19.1,64,18.8,3,11,False,False,True,False,False,False,False,False
5,1,10,0,19.1,64,18.8,3,11,False,False,True,False,False,False,False,False
5,1,10,0,19.1,64,18.8,3,11,False,False,False,False,False,False,False,False
5,1,10,0,19.1,64,18.8,3,11,False,False,False,False,False,False,False,False
5,1,10,0,19.1,64,18.8,3,11,False,False,False,False,False,False,False,False
15,1,10,0,19.1,64,18.8,3,11,False,False,False,False,False,False,False,False
5,1,10,0,19.1,64,18.8,3,11,False,False,False,False,False,False,False,False
5,1,10,0,19.1,64,18.8,3,11,False,False,False,False,False,False,False,False
5,1,10,0,19.1,64,18.8,3,11,False,False,False,False,False,False,False,False
5,1,10,0,19.1,64,18.8,3,11,False,False,False,False,False,False,False,False
5,1,10,0,19.1,64,18.8,3,11,False,False,False,False,False,False,False,False
5,1,10,0,19.1,64,18.8,3,11,False,False,False,False,False,False,False,False
5,1,10,0,19.1,64,18.8,3,11,False,False,False,False,False,False,False,False
5,1,10,0,19.1,64,18.8,3,11,False,False,False,False,False,False,False,False
5,1,10,0,19.1,64,18.8,3,11,False,False,False,False,False,False,False,False
10,1,10,0,19.1,64,18.8,3,11,False,False,False,False,False,False,False,False
5,1,10,0,19.1,64,18.8,3,11,False,False,False,False,False,False,False,False
5,1,10,0,19.1,64,18.8,3,11,True,False,False,False,False,False,False,False
5,1,10,0,19.1,64,18.8,3,11,True,False,False,False,False,False,False,False
5,1,10,0,19.1,64,18.8,3,11,True,False,False,False,False,False,False,False
5,1,10,0,19.1,64,18.8,3,11,True,False,False,False,False,False,False,False
25,1,10,0,19.1,64,18.8,3,11,True,False,False,False,False,False,False,False
5,1,10,0,19.1,64,18.8,3,11,True,False,False,False,False,False,False,False
5,1,10,0,19.1,64,18.8,3,11,False,True,False,False,False,False,False,False
5,1,10,0,19.1,64,18.8,3,11,False,True,False,False,False,False,False,False
5,1,10,0,19.1,64,18.8,3,11,False,False,True,False,False,False,False,False
5,1,10,0,19.1,64,18.8,3,11,False,False,True,False,False,False,False,False
5,1,10,0,21.1,56,20.8,2,12,False,False,False,False,False,False,False,False
5,1,10,0,21.1,56,20.8,2,12,False,False,False,False,False,False,False,False
5,1,10,0,21.1,56,20.8,2,12,False,False,False,False,False,False,False,False
15,1,10,0,21.1,56,20.8,2,12,False,False,False,False,False,False,False,False
5,1,10,0,21.1,56,20.8,2,12,False,False,False,False,False,False,False,False
5,1,10,0,21.1,56,20.8,2,12,False,False,False,False,False,False,False,False
5,1,10,0,21.1,56,20.8,2,12,False,False,False,False,False,False,False,False
5,1,10,0,21.1,56,20.8,2,12,False,False,False,False,False,False,False,False
5,1,10,0,21.1,56,20.8,2,12,False,False,False,False,False,False,False,False
5,1,10,0,21.1,56,20.8,2,12,False,False,False,False,False,False,False,False
5,1,10,0,21.1,56,20.8,2,12,False,False,False,False,False,False,False,False
5,1,10,0,21.1,56,20.8,2,12,False,False,False,False,False,False,False,False
5,1,10,0,21.1,56,20.8,2,12,False,False,False,False,False,False,False,False
10,1,10,0,21.1,56,20.8,2,12,False,False,False,False,False,False,False,False
5,1,10,0,21.1,56,20.8,2,12,False,False,False,False,False,False,False,False
5,1,10,0,21.1,56,20.8,2,12,True,False,False,False,False,False,False,False
5,1,10,0,21.1,56,20.8,2,12,True,False,False,False,False,False,False,False
5,1,10,0,21.1,56,20.8,2,12,True,False,False,False,False,False,False,False
5,1,10,0,21.1,56,20.8,2,12,True,False,False,False,False,False,False,False
10,1,10,0,21.1,56,20.8,2,12,True,False,False,False,False,False,False,False
5,1,10,0,21.1,56,20.8,2,12,True,False,False,False,False,False,False,False
5,1,10,0,21.1,56,20.8,2,12,False,True,False,False,False,False,False,False
5,1,10,0,21.1,56,20.8,2,12,False,True,False,False,False,False,False,False
5,1,10,0,21.1,56,20.8,2,12,False,False,True,False,False,False,False,False
5,1,10,0,21.1,56,20.8,2,12,False,False,True,False,False,False,False,False
5,1,10,0,21.1,56,20.8,2,12,False,False,False,False,False,False,False,False
5,1,10,0,21.1,56,20.8,2,12,False,False,False,False,False,False,False,False
15,1,10,0,21.1,56,20.8,2,12,False,False,False,False,False,False,False,False
5,1,10,0,21.1,56,20.8,2,12,False,False,False,False,False,False,False,False
5,1,10,0,21.1,56,20.8,2,12,False,False,False,False,False,False,False,False
5,1,10,0,21.1,56,20.8,2,12,False,False,False,False,False,False,False,False
5,1,10,0,21.1,56,20.8,2,12,False,False,False,False,False,False,False,False
5,1,10,0,21.1,56,20.8,2,12,True,False,False,False,False,False,False,False
5,1,10,0,21.1,56,20.8,2,12,True,False,False,False,False,False,False,False
5,1,10,0,21.1,56,20.8,2,12,True,False,False,False,False,False,False,False
5,1,10,0,21.1,56,20.8,2,12,True,False,False,False,False,False,False,False
10,1,10,0,21.1,56,20.8,2,12,True,False,False,False,False,False,False,False
5,1,10,0,21.1,56,20.8,2,12,True,False,False,False,False,False,False,False
5,1,10,0,21.1,56,20.8,2,12,False,True,False,False,False,False,False,False
5,1,10,0,21.1,56,20.8,2,12,False,False,True,False,False,False,False,False
5,1,10,0,21.1,56,20.8,2,12,False,False,True,False,False,False,False,False
5,1,10,0,21.1,56,20.8,2,12,False,False,False,False,False,False,False,False
5,1,10,0,21.1,56,20.8,2,12,False,False,False,False,False,False,False,False
5,1,10,0,21.1,56,20.8,2,12,False,False,False,False,False,False,False,False
5,1,10,0,21.1,56,20.8,2,12,False,False,False,False,False,False,False,False
5,1,10,0,21.1,56,20.8,2,12,False,False,False,False,False,False,False,False
5,1,10,0,21.1,56,20.8,2,12,False,False,False,False,False,False,False,False
5,1,10,0,21.1,56,20.8,2,12,False,False,False,False,False,False,False,False
5,1,10,0,21.1,56,20.8,2,12,True,False,False,False,False,False,False,False
5,1,10,0,21.1,56,20.8,2,12,True,False,False,False,False,False,False,False
5,1,10,0,21.1,56,20.8,2,12,True,False,False,False,False,False,False,False
5,1,10,0,21.1,56,20.8,2,12,True,False,False,False,False,False,False,False
10,1,10,0,21.1,56,20.8,2,12,True,False,False,False,False,False,False,False
5,1,10,0,21.1,56,20.8,2,12,True,False,False,False,False,False,False,False
5,1,10,0,21.1,56,20.8,2,12,False,True,False,False,False,False,False,False
5,1,10,0,21.1,56,20.8,2,12,False,True,False,False,False,False,False,False
5,1,10,0,21.1,56,20.8,2,12,False,True,False,False,False,False,False,False
5,1,10,0,21.1,56,20.8,2,12,False,False,True,False,False,False,False,False
5,1,10,0,21.1,56,20.8,2,12,False,False,True,False,False,False,False,False
5,1,10,0,21.1,56,20.8,2,12,False,False,False,False,False,False,False,False
5,1,10,0,21.1,56,20.8,2,12,False,False,False,False,False,False,False,False
5,1,10,0,21.1,56,20.8,2,12,False,False,False,False,False,False,False,False
5,1,10,0,21.1,56,20.8,2,12,False,False,False,False,False,False,False,False
5,1,10,0,21.1,56,20.8,2,12,False,False,False,False,False,False,False,False
5,1,10,0,21.1,56,20.8,2,12,False,False,False,False,False,False,False,False
5,1,10,0,21.1,56,20.8,2,12,False,False,False,False,False,False,False,False
5,1,10,0,21.1,56,20.8,2,12,True,False,False,False,False,False,False,False
5,1,10,0,21.1,56,20.8,2,12,True,False,False,False,False,False,False,False
5,1,10,0,21.1,56,20.8,2,12,True,False,False,False,False,False,False,False
5,1,10,0,21.1,56,20.8,2,12,True,False,False,False,False,False,False,False
10,1,10,0,21.1,56,20.8,2,12,True,False,False,False,False,False,False,False
5,1,10,0,21.1,56,20.8,2,12,True,False,False,False,False,False,False,False
5,1,10,0,21.1,56,20.8,2,12,False,True,False,False,False,False,False,False
5,1,10,0,21.1,56,20.8,2,12,False,True,False,False,False,False,False,False
5,1,10,0,21.1,56,20.8,2,12,False,True,False,False,False,False,False,False
5,1,10,0,21.1,56,20.8,2,12,False,False,True,False,False,False,False,False
5,1,10,0,21.1,56,20.8,2,12,False,False,True,False,False,False,False,False
5,1,10,0,22.5,50,22.4,3,13,False,False,False,False,False,False,False,False
5,1,10,0,22.5,50,22.4,3,13,False,False,False,False,False,False,False,False
5,1,10,0,22.5,50,22.4,3,13,False,False,False,False,False,False,False,False
5,1,10,0,22.5,50,22.4,3,13,False,False,False,False,False,False,False,False
5,1,10,0,22.5,50,22.4,3,13,False,False,False,False,False,False,False,False
5,1,10,0,22.5,50,22.4,3,13,False,False,False,False,False,False,False,False
5,1,10,0,22.5,50,22.4,3,13,False,False,False,False,False,False,False,False
5,1,10,0,22.5,50,22.4,3,13,True,False,False,False,False,False,False,False
5,1,10,0,22.5,50,22.4,3,13,True,False,False,False,False,False,False,False
5,1,10,0,22.5,50,22.4,3,13,True,False,False,False,False,False,False,False
5,1,10,0,22.5,50,22.4,3,13,True,False,False,False,False,False,False,False
5,1,10,0,22.5,50,22.4,3,13,True,False,False,False,False,False,False,False
5,1,10,0,22.5,50,22.4,3,13,True,False,False,False,False,False,False,False
5,1,10,0,22.5,50,22.4,3,13,False,True,False,False,False,False,False,False
5,1,10,0,22.5,50,22.4,3,13,False,True,False,False,False,False,False,False
5,1,10,0,22.5,50,22.4,3,13,False,True,False,False,False,False,False,False
5,1,10,0,22.5,50,22.4,3,13,False,False,True,False,False,False,False,False
5,1,10,0,22.5,50,22.4,3,13,False,False,True,False,False,False,False,False
5,1,10,0,22.5,50,22.4,3,13,False,False,False,False,False,False,False,False
5,1,10,0,22.5,50,22.4,3,13,False,False,False,False,False,False,False,False
5,1,10,0,22.5,50,22.4,3,13,False,False,False,False,False,False,False,False
5,1,10,0,22.5,50,22.4,3,13,False,False,False,False,False,False,False,False
5,1,10,0,22.5,50,22.4,3,13,False,False,False,False,False,False,False,False
5,1,10,0,22.5,50,22.4,3,13,False,False,False,False,False,False,False,False
5,1,10,0,22.5,50,22.4,3,13,False,False,False,False,False,False,False,False
5,1,10,0,22.5,50,22.4,3,13,True,False,False,False,False,False,False,False
5,1,10,0,22.5,50,22.4,3,13,True,False,False,False,False,False,False,False
5,1,10,0,22.5,50,22.4,3,13,True,False,False,False,False,False,False,False
5,1,10,0,22.5,50,22.4,3,13,True,False,False,False,False,False,False,False
5,1,10,0,22.5,50,22.4,3,13,True,False,False,False,False,False,False,False
5,1,10,0,22.5,50,22.4,3,13,True,False,False,False,False,False,False,False
5,1,10,0,22.5,50,22.4,3,13,False,True,False,False,False,False,False,False
10,1,10,0,22.5,50,22.4,3,13,False,True,False,False,False,False,False,False
5,1,10,0,22.5,50,22.4,3,13,False,True,False,False,False,False,False,False
5,1,10,0,22.5,50,22.4,3,13,False,False,True,False,False,False,False,False
5,1,10,0,22.5,50,22.4,3,13,False,False,True,False,False,False,False,False
5,1,10,0,22.5,50,22.4,3,13,False,False,False,False,False,False,False,False
5,1,10,0,22.5,50,22.4,3,13,False,False,False,False,False,False,False,False
5,1,10,0,22.5,50,22.4,3,13,False,False,False,False,False,False,False,False
5,1,10,0,22.5,50,22.4,3,13,False,False,False,False,False,False,False,False
5,1,10,0,22.5,50,22.4,3,13,False,False,False,False,False,False,False,False
5,1,10,0,22.5,50,22.4,3,13,False,False,False,False,False,False,False,False
5,1,10,0,22.5,50,22.4,3,13,False,False,False,False,False,False,False,False
5,1,10,0,22.5,50,22.4,3,13,True,False,False,False,False,False,False,False
5,1,10,0,22.5,50,22.4,3,13,True,False,False,False,False,False,False,False
5,1,10,0,22.5,50,22.4,3,13,True,False,False,False,False,False,False,False
5,1,10,0,22.5,50,22.4,3,13,True,False,False,False,False,False,False,False
5,1,10,0,22.5,50,22.4,3,13,True,False,False,False,False,False,False,False
5,1,10,0,22.5,50,22.4,3,13,True,False,False,False,False,False,False,False
5,1,10,0,22.5,50,22.4,3,13,False,True,False,False,False,False,False,False
10,1,10,0,22.5,50,22.4,3,13,False,True,False,False,False,False,False,False
5,1,10,0,22.5,50,22.4,3,13,False,True,False,False,False,False,False,False
5,1,10,0,22.5,50,22.4,3,13,False,False,True,False,False,False,False,False
5,1,10,0,22.5,50,22.4,3,13,False,False,True,False,False,False,False,False
5,1,10,0,22.5,50,22.4,3,13,False,False,False,False,False,False,False,False
5,1,10,0,22.5,50,22.4,3,13,False,False,False,False,False,False,False,False
5,1,10,0,22.5,50,22.4,3,13,False,False,False,False,False,False,False,False
5,1,10,0,22.5,50,22.4,3,13,False,False,False,False,False,False,False,False
5,1,10,0,22.5,50,22.4,3,13,False,False,False,False,False,False,False,False
5,1,10,0,22.5,50,22.4,3,13,False,False,False,False,False,False,False,False
5,1,10,0,22.5,50,22.4,3,13,False,False,False,False,False,False,False,False
5,1,10,0,22.5,50,22.4,3,13,True,False,False,False,False,False,False,False
5,1,10,0,22.5,50,22.4,3,13,True,False,False,False,False,False,False,False
5,1,10,0,22.5,50,22.4,3,13,True,False,False,False,False,False,False,False
5,1,10,0,22.5,50,22.4,3,13,True,False,False,False,False,False,False,False
5,1,10,0,22.5,50,22.4,3,13,True,False,False,False,False,False,False,False
5,1,10,0,22.5,50,22.4,3,13,True,False,False,False,False,False,False,False
5,1,10,0,22.5,50,22.4,3,13,False,True,False,False,False,False,False,False
5,1,10,0,22.5,50,22.4,3,13,False,True,False,False,False,False,False,False
5,1,10,0,22.5,50,22.4,3,13,False,True,False,False,False,False,False,False
5,1,10,0,22.5,50,22.4,3,13,False,False,True,False,False,False,False,False
5,1,10,0,22.5,50,22.4,3,13,False,False,True,False,False,False,False,False
5,1,10,0,23.7,45,23.6,3,14,False,False,False,False,False,False,False,False
5,1,10,0,23.7,45,23.6,3,14,False,False,False,False,False,False,False,False
5,1,10,0,23.7,45,23.6,3,14,False,False,False,False,False,False,False,False
5,1,10,0,23.7,45,23.6,3,14,False,False,False,False,False,False,False,False
5,1,10,0,23.7,45,23.6,3,14,False,False,False,False,False,False,False,False
5,1,10,0,23.7,45,23.6,3,14,True,False,False,False,False,False,False,False
5,1,10,0,23.7,45,23.6,3,14,True,False,False,False,False,False,False,False
5,1,10,0,23.7,45,23.6,3,14,True,False,False,False,False,False,False,False
5,1,10,0,23.7,45,23.6,3,14,True,False,False,False,False,False,False,False
5,1,10,0,23.7,45,23.6,3,14,True,False,False,False,False,False,False,False
5,1,10,0,23.7,45,23.6,3,14,True,False,False,False,False,False,False,False
10,1,10,0,23.7,45,23.6,3,14,False,True,False,False,False,False,False,False
5,1,10,0,23.7,45,23.6,3,14,False,True,False,False,False,False,False,False
5,1,10,0,23.7,45,23.6,3,14,False,True,False,False,False,False,False,False
5,1,10,0,23.7,45,23.6,3,14,False,False,True,False,False,False,False,False
5,1,10,0,23.7,45,23.6,3,14,False,False,True,False,False,False,False,False
5,1,10,0,23.7,45,23.6,3,14,False,False,False,False,False,False,False,False
5,1,10,0,23.7,45,23.6,3,14,False,False,False,False,False,False,False,False
5,1,10,0,23.7,45,23.6,3,14,False,False,False,False,False,False,False,False
5,1,10,0,23.7,45,23.6,3,14,False,False,False,False,False,False,False,False
5,1,10,0,23.7,45,23.6,3,14,False,False,False,False,False,False,False,False
5,1,10,0,23.7,45,23.6,3,14,False,False,False,False,False,False,False,False
5,1,10,0,23.7,45,23.6,3,14,True,False,False,False,False,False,False,False
5,1,10,0,23.7,45,23.6,3,14,True,False,False,False,False,False,False,False
5,1,10,0,23.7,45,23.6,3,14,True,False,False,False,False,False,False,False
5,1,10,0,23.7,45,23.6,3,14,True,False,False,False,False,False,False,False
5,1,10,0,23.7,45,23.6,3,14,True,False,False,False,False,False,False,False
5,1,10,0,23.7,45,23.6,3,14,True,False,False,False,False,False,False,False
10,1,10,0,23.7,45,23.6,3,14,False,True,False,False,False,False,False,False
5,1,10,0,23.7,45,23.6,3,14,False,True,False,False,False,False,False,False
5,1,10,0,23.7,45,23.6,3,14,False,True,False,False,False,False,False,False
5,1,10,0,23.7,45,23.6,3,14,False,False,True,False,False,False,False,False
5,1,10,0,23.7,45,23.6,3,14,False,False,True,False,False,False,False,False
5,1,10,0,23.7,45,23.6,3,14,False,False,False,False,False,False,False,False
5,1,10,0,23.7,45,23.6,3,14,False,False,False,False,False,False,False,False
5,1,10,0,23.7,45,23.6,3,14,False,False,False,False,False,False,False,False
5,1,10,0,23.7,45,23.6,3,14,False,False,False,False,False,False,False,False
5,1,10,0,23.7,45,23.6,3,14,False,False,False,False,False,False,False,False
5,1,10,0,23.7,45,23.6,3,14,False,False,False,False,False,False,False,False
5,1,10,0,23.7,45,23.6,3,14,True,False,False,False,False,False,False,False
5,1,10,0,23.7,45,23.6,3,14,True,False,False,False,False,False,False,False
5,1,10,0,23.7,45,23.6,3,14,True,False,False,False,False,False,False,False
5,1,10,0,23.7,45,23.6,3,14,True,False,False,False,False,False,False,False
5,1,10,0,23.7,45,23.6,3,14,True,False,False,False,False,False,False,False
10,1,10,0,23.7,45,23.6,3,14,True,False,False,False,False,False,False,False
5,1,10,0,23.7,45,23.6,3,14,False,True,False,False,False,False,False,False
5,1,10,0,23.7,45,23.6,3,14,False,True,False,False,False,False,False,False
5,1,10,0,23.7,45,23.6,3,14,False,True,False,False,False,False,False,False
5,1,10,0,23.7,45,23.6,3,14,False,False,True,False,False,False,False,False
5,1,10,0,23.7,45,23.6,3,14,False,False,True,False,False,False,False,False
5,1,10,0,23.7,45,23.6,3,14,False,False,False,False,False,False,False,False
5,1,10,0,23.7,45,23.6,3,14,False,False,False,False,False,False,False,False
5,1,10,0,23.7,45,23.6,3,14,False,False,False,False,False,False,False,False
5,1,10,0,23.7,45,23.6,3,14,False,False,False,False,False,False,False,False
5,1,10,0,23.7,45,23.6,3,14,False,False,False,False,False,False,False,False
5,1,10,0,23.7,45,23.6,3,14,False,False,False,False,False,False,False,False
5,1,10,0,23.7,45,23.6,3,14,True,False,False,False,False,False,False,False
5,1,10,0,23.7,45,23.6,3,14,True,False,False,False,False,False,False,False
5,1,10,0,23.7,45,23.6,3,14,True,False,False,False,False,False,False,False
5,1,10,0,23.7,45,23.6,3,14,True,False,False,False,False,False,False,False
5,1,10,0,23.7,45,23.6,3,14,True,False,False,False,False,False,False,False
5,1,10,0,23.7,45,23.6,3,14,True,False,False,False,False,False,False,False
5,1,10,0,23.7,45,23.6,3,14,False,True,False,False,False,False,False,False
5,1,10,0,23.7,45,23.6,3,14,False,True,False,False,False,False,False,False
5,1,10,0,23.7,45,23.6,3,14,False,True,False,False,False,False,False,False
5,1,10,0,23.7,45,23.6,3,14,False,False,True,False,False,False,False,False
5,1,10,0,23.7,45,23.6,3,14,False,False,True,False,False,False,False,False
5,1,10,0,24.2,41,23.5,3,15,False,False,False,False,False,False,False,False
5,1,10,0,24.2,41,23.5,3,15,False,False,False,False,False,False,False,False
5,1,10,0,24.2,41,23.5,3,15,False,False,False,False,False,False,False,False
5,1,10,0,24.2,41,23.5,3,15,False,False,False,False,False,False,False,False
5,1,10,0,24.2,41,23.5,3,15,False,False,False,False,False,False,False,False
5,1,10,0,24.2,41,23.5,3,15,False,False,False,False,False,False,False,False
5,1,10,0,24.2,41,23.5,3,15,False,False,False,False,False,False,False,False
5,1,10,0,24.2,41,23.5,3,15,True,False,False,False,False,False,False,False
5,1,10,0,24.2,41,23.5,3,15,True,False,False,False,False,False,False,False
5,1,10,0,24.2,41,23.5,3,15,True,False,False,False,False,False,False,False
5,1,10,0,24.2,41,23.5,3,15,True,False,False,False,False,False,False,False
5,1,10,0,24.2,41,23.5,3,15,True,False,False,False,False,False,False,False
5,1,10,0,24.2,41,23.5,3,15,True,False,False,False,False,False,False,False
5,1,10,0,24.2,41,23.5,3,15,False,True,False,False,False,False,False,False
5,1,10,0,24.2,41,23.5,3,15,False,True,False,False,False,False,False,False
5,1,10,0,24.2,41,23.5,3,15,False,True,False,False,False,False,False,False
5,1,10,0,24.2,41,23.5,3,15,False,False,True,False,False,False,False,False
5,1,10,0,24.2,41,23.5,3,15,False,False,True,False,False,False,False,False
5,1,10,0,24.2,41,23.5,3,15,False,False,False,False,False,False,False,False
5,1,10,0,24.2,41,23.5,3,15,False,False,False,False,False,False,False,False
5,1,10,0,24.2,41,23.5,3,15,False,False,False,False,False,False,False,False
5,1,10,0,24.2,41,23.5,3,15,False,False,False,False,False,False,False,False
5,1,10,0,24.2,41,23.5,3,15,False,False,False,False,False,False,False,False
5,1,10,0,24.2,41,23.5,3,15,False,False,False,False,False,False,False,False
5,1,10,0,24.2,41,23.5,3,15,False,False,False,False,False,False,False,False
5,1,10,0,24.2,41,23.5,3,15,True,False,False,False,False,False,False,False
5,1,10,0,24.2,41,23.5,3,15,True,False,False,False,False,False,False,False
5,1,10,0,24.2,41,23.5,3,15,True,False,False,False,False,False,False,False
5,1,10,0,24.2,41,23.5,3,15,True,False,False,False,False,False,False,False
5,1,10,0,24.2,41,23.5,3,15,True,False,False,False,False,False,False,False
10,1,10,0,24.2,41,23.5,3,15,True,False,False,False,False,False,False,False
5,1,10,0,24.2,41,23.5,3,15,False,True,False,False,False,False,False,False
5,1,10,0,24.2,41,23.5,3,15,False,True,False,False,False,False,False,False
5,1,10,0,24.2,41,23.5,3,15,False,True,False,False,False,False,False,False
5,1,10,0,24.2,41,23.5,3,15,False,False,True,False,False,False,False,False
5,1,10,0,24.2,41,23.5,3,15,False,False,True,False,False,False,False,False
5,1,10,0,23.9,39,23.0,3,17,False,False,False,False,False,False,False,False
5,1,10,0,23.9,39,23.0,3,17,False,False,False,False,False,False,False,False
5,1,10,0,23.9,39,23.0,3,17,False,False,False,False,False,False,False,False
5,1,10,0,23.9,39,23.0,3,17,False,False,False,False,False,False,False,False
5,1,10,0,23.9,39,23.0,3,17,False,False,False,False,False,False,False,False
5,1,10,0,23.9,39,23.0,3,17,False,False,False,False,False,False,False,False
15,1,10,0,23.9,39,23.0,3,17,True,False,False,False,False,False,False,False
5,1,10,0,23.9,39,23.0,3,17,True,False,False,False,False,False,False,False
5,1,10,0,23.9,39,23.0,3,17,True,False,False,False,False,False,False,False
5,1,10,0,23.9,39,23.0,3,17,True,False,False,False,False,False,False,False
5,1,10,0,23.9,39,23.0,3,17,True,False,False,False,False,False,False,False
5,1,10,0,23.9,39,23.0,3,17,True,False,False,False,False,False,False,False
10,1,10,0,23.9,39,23.0,3,17,False,True,False,False,False,False,False,False
5,1,10,0,23.9,39,23.0,3,17,False,True,False,False,False,False,False,False
5,1,10,0,23.9,39,23.0,3,17,False,True,False,False,False,False,False,False
5,1,10,0,23.9,39,23.0,3,17,False,False,True,False,False,False,False,False
5,1,10,0,23.9,39,23.0,3,17,False,False,True,False,False,False,False,False
5,1,10,0,21.1,50,20.8,1,12,False,False,False,False,False,False,True,False
5,1,10,0,21.1,50,20.8,1,12,False,False,False,False,False,False,True,False
5,1,10,0,21.1,50,20.8,1,12,False,False,False,False,False,False,True,False
5,1,10,0,21.1,50,20.8,1,12,False,False,False,False,False,False,True,False
5,1,10,0,21.1,50,20.8,1,12,False,False,False,False,False,False,True,False
5,1,10,0,21.1,50,20.8,1,12,False,False,False,False,False,False,True,False
5,1,10,0,21.1,50,20.8,1,12,True,False,False,False,False,False,True,False
10,1,10,0,21.1,50,20.8,1,12,True,False,False,False,False,False,True,False
5,1,10,0,21.1,50,20.8,1,12,True,False,False,False,False,False,True,False
5,1,10,0,21.1,50,20.8,1,12,True,False,False,False,False,False,True,False
5,1,10,0,21.1,50,20.8,1,12,True,False,False,False,False,False,True,False
5,1,10,0,21.1,50,20.8,1,12,True,False,False,False,False,False,True,False
5,1,10,0,21.1,50,20.8,1,12,False,True,False,False,False,False,True,False
5,1,10,0,21.1,50,20.8,1,12,False,True,False,False,False,False,True,False
5,1,10,0,21.1,50,20.8,1,12,False,True,False,False,False,False,True,False
5,1,10,0,21.1,50,20.8,1,12,False,False,True,False,False,False,True,False
5,1,10,0,21.1,50,20.8,1,12,False,False,True,False,False,False,True,False
5,1,10,0,21.1,50,20.8,1,12,False,False,False,False,False,False,True,False
5,1,10,0,21.1,50,20.8,1,12,False,False,False,False,False,False,True,False
5,1,10,0,21.1,50,20.8,1,12,False,False,False,False,False,False,True,False
5,1,10,0,21.1,50,20.8,1,12,False,False,False,False,False,False,True,False
5,1,10,0,21.1,50,20.8,1,12,False,False,False,False,False,False,True,False
5,1,10,0,21.1,50,20.8,1,12,False,False,False,False,False,False,True,False
10,1,10,0,21.1,50,20.8,1,12,True,False,False,False,False,False,True,False
10,1,10,0,21.1,50,20.8,1,12,True,False,False,False,False,False,True,False
5,1,10,0,21.1,50,20.8,1,12,True,False,False,False,False,False,True,False
5,1,10,0,21.1,50,20.8,1,12,True,False,False,False,False,False,True,False
5,1,10,0,21.1,50,20.8,1,12,True,False,False,False,False,False,True,False
5,1,10,0,21.1,50,20.8,1,12,False,True,False,False,False,False,True,False
5,1,10,0,21.1,50,20.8,1,12,False,True,False,False,False,False,True,False
5,1,10,0,21.1,50,20.8,1,12,False,True,False,False,False,False,True,False
5,1,10,0,21.1,50,20.8,1,12,False,False,True,False,False,False,True,False
5,1,10,0,21.1,50,20.8,1,12,False,False,True,False,False,False,True,False
5,1,10,0,21.1,50,20.8,1,12,False,False,False,False,False,False,True,False
5,1,10,0,21.1,50,20.8,1,12,False,False,False,False,False,False,True,False
5,1,10,0,21.1,50,20.8,1,12,False,False,False,False,False,False,True,False
5,1,10,0,21.1,50,20.8,1,12,False,False,False,False,False,False,True,False
5,1,10,0,21.1,50,20.8,1,12,False,False,False,False,False,False,True,False
10,1,10,0,21.1,50,20.8,1,12,True,False,False,False,False,False,True,False
10,1,10,0,21.1,50,20.8,1,12,True,False,False,False,False,False,True,False
5,1,10,0,21.1,50,20.8,1,12,True,False,False,False,False,False,True,False
5,1,10,0,21.1,50,20.8,1,12,True,False,False,False,False,False,True,False
5,1,10,0,21.1,50,20.8,1,12,True,False,False,False,False,False,True,False
5,1,10,0,21.1,50,20.8,1,12,False,True,False,False,False,False,True,False
5,1,10,0,21.1,50,20.8,1,12,False,True,False,False,False,False,True,False
5,1,10,0,21.1,50,20.8,1,12,False,True,False,False,False,False,True,False
5,1,10,0,21.1,50,20.8,1,12,False,False,True,False,False,False,True,False
5,1,10,0,21.1,50,20.8,1,12,False,False,True,False,False,False,True,False
5,1,10,0,22.6,44,22.2,1,13,False,False,False,False,False,False,True,False
5,1,10,0,22.6,44,22.2,1,13,False,False,False,False,False,False,True,False
15,1,10,0,22.6,44,22.2,1,13,False,False,False,False,False,False,True,False
5,1,10,0,22.6,44,22.2,1,13,False,False,False,False,False,False,True,False
5,1,10,0,22.6,44,22.2,1,13,False,False,False,False,False,False,True,False
5,1,10,0,22.6,44,22.2,1,13,True,False,False,False,False,False,True,False
10,1,10,0,22.6,44,22.2,1,13,True,False,False,False,False,False,True,False
5,1,10,0,22.6,44,22.2,1,13,True,False,False,False,False,False,True,False
5,1,10,0,22.6,44,22.2,1,13,True,False,False,False,False,False,True,False
5,1,10,0,22.6,44,22.2,1,13,True,False,False,False,False,False,True,False
5,1,10,0,22.6,44,22.2,1,13,False,True,False,False,False,False,True,False
5,1,10,0,22.6,44,22.2,1,13,False,True,False,False,False,False,True,False
5,1,10,0,22.6,44,22.2,1,13,False,True,False,False,False,False,True,False
5,1,10,0,22.6,44,22.2,1,13,False,False,True,False,False,False,True,False
5,1,10,0,22.6,44,22.2,1,13,False,False,True,False,False,False,True,False
5,1,10,0,22.6,44,22.2,1,13,False,False,False,False,False,False,True,False
5,1,10,0,22.6,44,22.2,1,13,False,False,False,False,False,False,True,False
15,1,10,0,22.6,44,22.2,1,13,False,False,False,False,False,False,True,False
5,1,10,0,22.6,44,22.2,1,13,False,False,False,False,False,False,True,False
5,1,10,0,22.6,44,22.2,1,13,False,False,False,False,False,False,True,False
5,1,10,0,22.6,44,22.2,1,13,True,False,False,False,False,False,True,False
10,1,10,0,22.6,44,22.2,1,13,True,False,False,False,False,False,True,False
5,1,10,0,22.6,44,22.2,1,13,True,False,False,False,False,False,True,False
5,1,10,0,22.6,44,22.2,1,13,True,False,False,False,False,False,True,False
5,1,10,0,22.6,44,22.2,1,13,True,False,False,False,False,False,True,False
5,1,10,0,22.6,44,22.2,1,13,False,True,False,False,False,False,True,False
5,1,10,0,22.6,44,22.2,1,13,False,True,False,False,False,False,True,False
5,1,10,0,22.6,44,22.2,1,13,False,True,False,False,False,False,True,False
5,1,10,0,22.6,44,22.2,1,13,False,False,True,False,False,False,True,False
5,1,10,0,22.6,44,22.2,1,13,False,False,True,False,False,False,True,False
5,1,10,0,22.6,44,22.2,1,13,False,False,False,False,False,False,True,False
5,1,10,0,22.6,44,22.2,1,13,False,False,False,False,False,False,True,False
5,1,10,0,22.6,44,22.2,1,13,False,False,False,False,False,False,True,False
20,1,10,0,22.6,44,22.2,1,13,False,False,False,False,False,False,True,False
5,1,10,0,22.6,44,22.2,1,13,False,False,False,False,False,False,True,False
5,1,10,0,22.6,44,22.2,1,13,False,False,False,False,False,False,True,False
5,1,10,0,22.6,44,22.2,1,13,True,False,False,False,False,False,True,False
10,1,10,0,22.6,44,22.2,1,13,True,False,False,False,False,False,True,False
5,1,10,0,22.6,44,22.2,1,13,True,False,False,False,False,False,True,False
5,1,10,0,22.6,44,22.2,1,13,True,False,False,False,False,False,True,False
5,1,10,0,22.6,44,22.2,1,13,True,False,False,False,False,False,True,False
5,1,10,0,22.6,44,22.2,1,13,True,False,False,False,False,False,True,False
5,1,10,0,22.6,44,22.2,1,13,False,True,False,False,False,False,True,False
5,1,10,0,22.6,44,22.2,1,13,False,True,False,False,False,False,True,False
5,1,10,0,22.6,44,22.2,1,13,False,True,False,False,False,False,True,False
5,1,10,0,22.6,44,22.2,1,13,False,False,True,False,False,False,True,False
5,1,10,0,22.6,44,22.2,1,13,False,False,True,False,False,False,True,False
5,1,10,0,22.6,44,22.2,1,13,False,False,False,False,False,False,True,False
5,1,10,0,22.6,44,22.2,1,13,False,False,False,False,False,False,True,False
5,1,10,0,22.6,44,22.2,1,13,False,False,False,False,False,False,True,False
5,1,10,0,22.6,44,22.2,1,13,False,False,False,False,False,False,True,False
5,1,10,0,22.6,44,22.2,1,13,False,False,False,False,False,False,True,False
5,1,10,0,22.6,44,22.2,1,13,False,False,False,False,False,False,True,False
5,1,10,0,22.6,44,22.2,1,13,True,False,False,False,False,False,True,False
10,1,10,0,22.6,44,22.2,1,13,True,False,False,False,False,False,True,False
5,1,10,0,22.6,44,22.2,1,13,True,False,False,False,False,False,True,False
5,1,10,0,22.6,44,22.2,1,13,True,False,False,False,False,False,True,False
5,1,10,0,22.6,44,22.2,1,13,True,False,False,False,False,False,True,False
5,1,10,0,22.6,44,22.2,1,13,True,False,False,False,False,False,True,False
5,1,10,0,22.6,44,22.2,1,13,False,True,False,False,False,False,True,False
5,1,10,0,22.6,44,22.2,1,13,False,True,False,False,False,False,True,False
5,1,10,0,22.6,44,22.2,1,13,False,True,False,False,False,False,True,False
5,1,10,0,22.6,44,22.2,1,13,False,False,True,False,False,False,True,False
5,1,10,0,22.6,44,22.2,1,13,False,False,True,False,False,False,True,False
5,1,10,0,23.8,40,23.4,1,14,False,False,False,False,False,False,True,False
5,1,10,0,23.8,40,23.4,1,14,False,False,False,False,False,False,True,False
5,1,10,0,23.8,40,23.4,1,14,False,False,False,False,False,False,True,False
5,1,10,0,23.8,40,23.4,1,14,False,False,False,False,False,False,True,False
5,1,10,0,23.8,40,23.4,1,14,False,False,False,False,False,False,True,False
5,1,10,0,23.8,40,23.4,1,14,False,False,False,False,False,False,True,False
5,1,10,0,23.8,40,23.4,1,14,False,False,False,False,False,False,True,False
5,1,10,0,23.8,40,23.4,1,14,True,False,False,False,False,False,True,False
5,1,10,0,23.8,40,23.4,1,14,True,False,False,False,False,False,True,False
5,1,10,0,23.8,40,23.4,1,14,True,False,False,False,False,False,True,False
5,1,10,0,23.8,40,23.4,1,14,True,False,False,False,False,False,True,False
5,1,10,0,23.8,40,23.4,1,14,True,False,False,False,False,False,True,False
5,1,10,0,23.8,40,23.4,1,14,True,False,False,False,False,False,True,False
5,1,10,0,23.8,40,23.4,1,14,False,True,False,False,False,False,True,False
5,1,10,0,23.8,40,23.4,1,14,False,True,False,False,False,False,True,False
5,1,10,0,23.8,40,23.4,1,14,False,True,False,False,False,False,True,False
5,1,10,0,23.8,40,23.4,1,14,False,False,True,False,False,False,True,False
5,1,10,0,23.8,40,23.4,1,14,False,False,True,False,False,False,True,False
5,1,10,0,23.8,40,23.4,1,14,False,False,False,False,False,False,True,False
5,1,10,0,23.8,40,23.4,1,14,False,False,False,False,False,False,True,False
5,1,10,0,23.8,40,23.4,1,14,False,False,False,False,False,False,True,False
5,1,10,0,23.8,40,23.4,1,14,False,False,False,False,False,False,True,False
5,1,10,0,23.8,40,23.4,1,14,False,False,False,False,False,False,True,False
5,1,10,0,23.8,40,23.4,1,14,False,False,False,False,False,False,True,False
5,1,10,0,23.8,40,23.4,1,14,False,False,False,False,False,False,True,False
5,1,10,0,23.8,40,23.4,1,14,True,False,False,False,False,False,True,False
5,1,10,0,23.8,40,23.4,1,14,True,False,False,False,False,False,True,False
5,1,10,0,23.8,40,23.4,1,14,True,False,False,False,False,False,True,False
5,1,10,0,23.8,40,23.4,1,14,True,False,False,False,False,False,True,False
5,1,10,0,23.8,40,23.4,1,14,True,False,False,False,False,False,True,False
10,1,10,0,23.8,40,23.4,1,14,True,False,False,False,False,False,True,False
5,1,10,0,23.8,40,23.4,1,14,False,True,False,False,False,False,True,False
5,1,10,0,23.8,40,23.4,1,14,False,True,False,False,False,False,True,False
5,1,10,0,23.8,40,23.4,1,14,False,True,False,False,False,False,True,False
5,1,10,0,23.8,40,23.4,1,14,False,False,True,False,False,False,True,False
5,1,10,0,23.8,40,23.4,1,14,False,False,True,False,False,False,True,False
10,1,10,0,24.2,38,23.4,1,15,False,False,False,False,False,False,True,False
5,1,10,0,24.2,38,23.4,1,15,False,False,False,False,False,False,True,False
5,1,10,0,24.2,38,23.4,1,15,False,False,False,False,False,False,True,False
20,1,10,0,24.2,38,23.4,1,15,False,False,False,False,False,False,True,False
5,1,10,0,24.2,38,23.4,1,15,False,False,False,False,False,False,True,False
5,1,10,0,24.2,38,23.4,1,15,False,False,False,False,False,False,True,False
5,1,10,0,24.2,38,23.4,1,15,False,False,False,False,False,False,True,False
15,1,10,0,24.2,38,23.4,1,15,True,False,False,False,False,False,True,False
10,1,10,0,24.2,38,23.4,1,15,True,False,False,False,False,False,True,False
5,1,10,0,24.2,38,23.4,1,15,True,False,False,False,False,False,True,False
15,1,10,0,24.2,38,23.4,1,15,True,False,False,False,False,False,True,False
10,1,10,0,24.2,38,23.4,1,15,True,False,False,False,False,False,True,False
5,1,10,0,24.2,38,23.4,1,15,False,True,False,False,False,False,True,False
5,1,10,0,24.2,38,23.4,1,15,False,True,False,False,False,False,True,False
5,1,10,0,24.2,38,23.4,1,15,False,True,False,False,False,False,True,False
10,1,10,0,24.2,38,23.4,1,15,False,False,True,False,False,False,True,False
5,1,10,0,24.2,38,23.4,1,15,False,False,True,False,False,False,True,False
10,1,10,0,24.2,38,23.5,0,16,False,False,False,False,False,False,True,False
5,1,10,0,24.2,38,23.5,0,16,False,False,False,False,False,False,True,False
10,1,10,0,24.2,38,23.5,0,16,False,False,False,False,False,False,True,False
10,1,10,0,24.2,38,23.5,0,16,False,False,False,False,False,False,True,False
5,1,10,0,24.2,38,23.5,0,16,False,False,False,False,False,False,True,False
5,1,10,0,24.2,38,23.5,0,16,False,False,False,False,False,False,True,False
5,1,10,0,24.2,38,23.5,0,16,False,False,False,False,False,False,True,False
5,1,10,0,24.2,38,23.5,0,16,True,False,False,False,False,False,True,False
10,1,10,0,24.2,38,23.5,0,16,True,False,False,False,False,False,True,False
5,1,10,0,24.2,38,23.5,0,16,True,False,False,False,False,False,True,False
15,1,10,0,24.2,38,23.5,0,16,True,False,False,False,False,False,True,False
5,1,10,0,24.2,38,23.5,0,16,True,False,False,False,False,False,True,False
5,1,10,0,24.2,38,23.5,0,16,False,True,False,False,False,False,True,False
5,1,10,0,24.2,38,23.5,0,16,False,True,False,False,False,False,True,False
5,1,10,0,24.2,38,23.5,0,16,False,True,False,False,False,False,True,False
10,1,10,0,24.2,38,23.5,0,16,False,False,True,False,False,False,True,False
5,1,10,0,24.2,38,23.5,0,16,False,False,True,False,False,False,True,False
10,1,10,0,24.2,38,23.5,0,16,False,False,False,False,False,False,True,False
5,1,10,0,24.2,38,23.5,0,16,False,False,False,False,False,False,True,False
5,1,10,0,24.2,38,23.5,0,16,False,False,False,False,False,False,True,False
10,1,10,0,24.2,38,23.5,0,16,False,False,False,False,False,False,True,False
5,1,10,0,24.2,38,23.5,0,16,False,False,False,False,False,False,True,False
5,1,10,0,24.2,38,23.5,0,16,False,False,False,False,False,False,True,False
5,1,10,0,24.2,38,23.5,0,16,False,False,False,False,False,False,True,False
5,1,10,0,24.2,38,23.5,0,16,True,False,False,False,False,False,True,False
10,1,10,0,24.2,38,23.5,0,16,True,False,False,False,False,False,True,False
5,1,10,0,24.2,38,23.5,0,16,True,False,False,False,False,False,True,False
5,1,10,0,24.2,38,23.5,0,16,True,False,False,False,False,False,True,False
10,1,10,0,24.2,38,23.5,0,16,True,False,False,False,False,False,True,False
5,1,10,0,24.2,38,23.5,0,16,True,False,False,False,False,False,True,False
5,1,10,0,24.2,38,23.5,0,16,False,True,False,False,False,False,True,False
5,1,10,0,24.2,38,23.5,0,16,False,True,False,False,False,False,True,False
5,1,10,0,24.2,38,23.5,0,16,False,True,False,False,False,False,True,False
10,1,10,0,24.2,38,23.5,0,16,False,False,True,False,False,False,True,False
5,1,10,0,24.2,38,23.5,0,16,False,False,True,False,False,False,True,False
10,1,10,0,24.2,38,23.5,0,16,False,False,False,False,False,False,True,False
5,1,10,0,24.2,38,23.5,0,16,False,False,False,False,False,False,True,False
5,1,10,0,24.2,38,23.5,0,16,False,False,False,False,False,False,True,False
10,1,10,0,24.2,38,23.5,0,16,False,False,False,False,False,False,True,False
5,1,10,0,24.2,38,23.5,0,16,False,False,False,False,False,False,True,False
5,1,10,0,24.2,38,23.5,0,16,False,False,False,False,False,False,True,False
5,1,10,0,24.2,38,23.5,0,16,False,False,False,False,False,False,True,False
5,1,10,0,24.2,38,23.5,0,16,True,False,False,False,False,False,True,False
10,1,10,0,24.2,38,23.5,0,16,True,False,False,False,False,False,True,False
5,1,10,0,24.2,38,23.5,0,16,True,False,False,False,False,False,True,False
5,1,10,0,24.2,38,23.5,0,16,True,False,False,False,False,False,True,False
10,1,10,0,24.2,38,23.5,0,16,True,False,False,False,False,False,True,False
5,1,10,0,24.2,38,23.5,0,16,True,False,False,False,False,False,True,False
5,1,10,0,24.2,38,23.5,0,16,False,True,False,False,False,False,True,False
5,1,10,0,24.2,38,23.5,0,16,False,True,False,False,False,False,True,False
5,1,10,0,24.2,38,23.5,0,16,False,True,False,False,False,False,True,False
10,1,10,0,24.2,38,23.5,0,16,False,False,True,False,False,False,True,False
5,1,10,0,24.2,38,23.5,0,16,False,False,True,False,False,False,True,False
10,1,10,0,24.2,38,23.5,0,16,False,False,False,False,False,False,True,False
5,1,10,0,24.2,38,23.5,0,16,False,False,False,False,False,False,True,False
5,1,10,0,24.2,38,23.5,0,16,False,False,False,False,False,False,True,False
10,1,10,0,24.2,38,23.5,0,16,False,False,False,False,False,False,True,False
5,1,10,0,24.2,38,23.5,0,16,False,False,False,False,False,False,True,False
5,1,10,0,24.2,38,23.5,0,16,False,False,False,False,False,False,True,False
5,1,10,0,24.2,38,23.5,0,16,False,False,False,False,False,False,True,False
5,1,10,0,24.2,38,23.5,0,16,True,False,False,False,False,False,True,False
10,1,10,0,24.2,38,23.5,0,16,True,False,False,False,False,False,True,False
5,1,10,0,24.2,38,23.5,0,16,True,False,False,False,False,False,True,False
5,1,10,0,24.2,38,23.5,0,16,True,False,False,False,False,False,True,False
5,1,10,0,24.2,38,23.5,0,16,True,False,False,False,False,False,True,False
5,1,10,0,24.2,38,23.5,0,16,True,False,False,False,False,False,True,False
5,1,10,0,24.2,38,23.5,0,16,False,True,False,False,False,False,True,False
5,1,10,0,24.2,38,23.5,0,16,False,True,False,False,False,False,True,False
5,1,10,0,24.2,38,23.5,0,16,False,True,False,False,False,False,True,False
10,1,10,0,24.2,38,23.5,0,16,False,False,True,False,False,False,True,False
5,1,10,0,24.2,38,23.5,0,16,False,False,True,False,False,False,True,False
10,1,10,0,23.5,39,22.6,0,17,False,False,False,False,False,False,True,False
5,1,10,0,23.5,39,22.6,0,17,False,False,False,False,False,False,True,False
15,1,10,0,23.5,39,22.6,0,17,False,False,False,False,False,False,True,False
15,1,10,0,23.5,39,22.6,0,17,False,False,False,False,False,False,True,False
5,1,10,0,23.5,39,22.6,0,17,False,False,False,False,False,False,True,False
5,1,10,0,23.5,39,22.6,0,17,False,False,False,False,False,False,True,False
5,1,10,0,23.5,39,22.6,0,17,False,False,False,False,False,False,True,False
20,1,10,0,23.5,39,22.6,0,17,True,False,False,False,False,False,True,False
15,1,10,0,23.5,39,22.6,0,17,True,False,False,False,False,False,True,False
5,1,10,0,23.5,39,22.6,0,17,True,False,False,False,False,False,True,False
5,1,10,0,23.5,39,22.6,0,17,True,False,False,False,False,False,True,False
15,1,10,0,23.5,39,22.6,0,17,True,False,False,False,False,False,True,False
15,1,10,0,23.5,39,22.6,0,17,False,True,False,False,False,False,True,False
5,1,10,0,23.5,39,22.6,0,17,False,True,False,False,False,False,True,False
5,1,10,0,23.5,39,22.6,0,17,False,True,False,False,False,False,True,False
10,1,10,0,23.5,39,22.6,0,17,False,False,True,False,False,False,True,False
5,1,10,0,23.5,39,22.6,0,17,False,False,True,False,False,False,True,False
10,1,10,0,23.5,39,22.6,0,17,False,False,False,False,False,False,True,False
5,1,10,0,23.5,39,22.6,0,17,False,False,False,False,False,False,True,False
15,1,10,0,23.5,39,22.6,0,17,False,False,False,False,False,False,True,False
15,1,10,0,23.5,39,22.6,0,17,False,False,False,False,False,False,True,False
5,1,10,0,23.5,39,22.6,0,17,False,False,False,False,False,False,True,False
5,1,10,0,23.5,39,22.6,0,17,False,False,False,False,False,False,True,False
5,1,10,0,23.5,39,22.6,0,17,False,False,False,False,False,False,True,False
20,1,10,0,23.5,39,22.6,0,17,True,False,False,False,False,False,True,False
15,1,10,0,23.5,39,22.6,0,17,True,False,False,False,False,False,True,False
5,1,10,0,23.5,39,22.6,0,17,True,False,False,False,False,False,True,False
5,1,10,0,23.5,39,22.6,0,17,True,False,False,False,False,False,True,False
15,1,10,0,23.5,39,22.6,0,17,True,False,False,False,False,False,True,False
10,1,10,0,23.5,39,22.6,0,17,False,True,False,False,False,False,True,False
5,1,10,0,23.5,39,22.6,0,17,False,True,False,False,False,False,True,False
5,1,10,0,23.5,39,22.6,0,17,False,True,False,False,False,False,True,False
10,1,10,0,23.5,39,22.6,0,17,False,False,True,False,False,False,True,False
5,1,10,0,23.5,39,22.6,0,17,False,False,True,False,False,False,True,False
5,1,10,1,18.5,53,17.8,0,11,False,False,False,False,True,False,False,False
30,1,10,1,18.5,53,17.8,0,11,False,False,False,False,True,False,False,False
60,1,10,1,18.5,53,17.8,0,11,False,False,False,False,True,False,False,False
40,1,10,1,18.5,53,17.8,0,11,False,False,False,False,True,False,False,False
30,1,10,1,18.5,53,17.8,0,11,False,False,False,False,True,False,False,False
30,1,10,1,18.5,53,17.8,0,11,False,False,False,False,True,False,False,False
60,1,10,1,18.5,53,17.8,0,11,True,False,False,False,True,False,False,False
30,1,10,1,18.5,53,17.8,0,11,True,False,False,False,True,False,False,False
20,1,10,1,18.5,53,17.8,0,11,True,False,False,False,True,False,False,False
50,1,10,1,18.5,53,17.8,0,11,True,False,False,False,True,False,False,False
45,1,10,1,18.5,53,17.8,0,11,True,False,False,False,True,False,False,False
20,1,10,1,18.5,53,17.8,0,11,True,False,False,False,True,False,False,False
10,1,10,1,18.5,53,17.8,0,11,False,True,False,False,True,False,False,False
20,1,10,1,18.5,53,17.8,0,11,False,True,False,False,True,False,False,False
40,1,10,1,18.5,53,17.8,0,11,False,True,False,False,True,False,False,False
35,1,10,1,18.5,53,17.8,0,11,False,False,True,False,True,False,False,False
15,1,10,1,18.5,53,17.8,0,11,False,False,True,False,True,False,False,False
10,1,10,1,18.5,53,17.8,0,11,False,False,False,False,True,False,False,False
75,1,10,1,18.5,53,17.8,0,11,False,False,False,False,True,False,False,False
90,1,10,1,18.5,53,17.8,0,11,False,False,False,False,True,False,False,False
40,1,10,1,18.5,53,17.8,0,11,False,False,False,False,True,False,False,False
30,1,10,1,18.5,53,17.8,0,11,False,False,False,False,True,False,False,False
40,1,10,1,18.5,53,17.8,0,11,False,False,False,False,True,False,False,False
80,1,10,1,18.5,53,17.8,0,11,True,False,False,False,True,False,False,False
40,1,10,1,18.5,53,17.8,0,11,True,False,False,False,True,False,False,False
20,1,10,1,18.5,53,17.8,0,11,True,False,False,False,True,False,False,False
50,1,10,1,18.5,53,17.8,0,11,True,False,False,False,True,False,False,False
45,1,10,1,18.5,53,17.8,0,11,True,False,False,False,True,False,False,False
20,1,10,1,18.5,53,17.8,0,11,True,False,False,False,True,False,False,False
20,1,10,1,18.5,53,17.8,0,11,False,True,False,False,True,False,False,False
30,1,10,1,18.5,53,17.8,0,11,False,True,False,False,True,False,False,False
30,1,10,1,18.5,53,17.8,0,11,False,True,False,False,True,False,False,False
50,1,10,1,18.5,53,17.8,0,11,False,False,True,False,True,False,False,False
20,1,10,1,18.5,53,17.8,0,11,False,False,True,False,True,False,False,False
10,1,10,1,18.5,53,17.8,0,11,False,False,False,False,True,False,False,False
80,1,10,1,18.5,53,17.8,0,11,False,False,False,False,True,False,False,False
90,1,10,1,18.5,53,17.8,0,11,False,False,False,False,True,False,False,False
50,1,10,1,18.5,53,17.8,0,11,False,False,False,False,True,False,False,False
30,1,10,1,18.5,53,17.8,0,11,False,False,False,False,True,False,False,False
40,1,10,1,18.5,53,17.8,0,11,False,False,False,False,True,False,False,False
80,1,10,1,18.5,53,17.8,0,11,True,False,False,False,True,False,False,False
40,1,10,1,18.5,53,17.8,0,11,True,False,False,False,True,False,False,False
20,1,10,1,18.5,53,17.8,0,11,True,False,False,False,True,False,False,False
50,1,10,1,18.5,53,17.8,0,11,True,False,False,False,True,False,False,False
45,1,10,1,18.5,53,17.8,0,11,True,False,False,False,True,False,False,False
15,1,10,1,18.5,53,17.8,0,11,True,False,False,False,True,False,False,False
30,1,10,1,18.5,53,17.8,0,11,False,True,False,False,True,False,False,False
30,1,10,1,18.5,53,17.8,0,11,False,True,False,False,True,False,False,False
30,1,10,1,18.5,53,17.8,0,11,False,True,False,False,True,False,False,False
70,1,10,1,18.5,53,17.8,0,11,False,False,True,False,True,False,False,False
25,1,10,1,18.5,53,17.8,0,11,False,False,True,False,True,False,False,False
5,1,10,0,17.8,75,16.6,2,10,False,False,False,True,False,False,False,False
5,1,10,0,17.8,75,16.6,2,10,False,False,False,True,False,False,False,False
5,1,10,0,17.8,75,16.6,2,10,False,False,False,True,False,False,False,False
20,1,10,0,17.8,75,16.6,2,10,False,False,False,True,False,False,False,False
5,1,10,0,17.8,75,16.6,2,10,False,False,False,True,False,False,False,False
5,1,10,0,17.8,75,16.6,2,10,False,False,False,True,False,False,False,False
5,1,10,0,17.8,75,16.6,2,10,False,False,False,True,False,False,False,False
15,1,10,0,17.8,75,16.6,2,10,True,False,False,True,False,False,False,False
5,1,10,0,17.8,75,16.6,2,10,True,False,False,True,False,False,False,False
5,1,10,0,17.8,75,16.6,2,10,True,False,False,True,False,False,False,False
5,1,10,0,17.8,75,16.6,2,10,True,False,False,True,False,False,False,False
5,1,10,0,17.8,75,16.6,2,10,True,False,False,True,False,False,False,False
10,1,10,0,17.8,75,16.6,2,10,True,False,False,True,False,False,False,False
5,1,10,0,17.8,75,16.6,2,10,False,True,False,True,False,False,False,False
5,1,10,0,17.8,75,16.6,2,10,False,True,False,True,False,False,False,False
999,1,10,0,17.8,75,16.6,2,10,False,True,False,True,False,False,False,False
5,1,10,0,17.8,75,16.6,2,10,False,False,True,True,False,False,False,False
5,1,10,0,17.8,75,16.6,2,10,False,False,True,True,False,False,False,False
5,1,10,0,18.8,68,17.3,2,11,False,False,False,True,False,False,False,False
5,1,10,0,18.8,68,17.3,2,11,False,False,False,True,False,False,False,False
5,1,10,0,18.8,68,17.3,2,11,False,False,False,True,False,False,False,False
20,1,10,0,18.8,68,17.3,2,11,False,False,False,True,False,False,False,False
5,1,10,0,18.8,68,17.3,2,11,False,False,False,True,False,False,False,False
5,1,10,0,18.8,68,17.3,2,11,False,False,False,True,False,False,False,False
5,1,10,0,18.8,68,17.3,2,11,False,False,False,True,False,False,False,False
20,1,10,0,18.8,68,17.3,2,11,True,False,False,True,False,False,False,False
5,1,10,0,18.8,68,17.3,2,11,True,False,False,True,False,False,False,False
5,1,10,0,18.8,68,17.3,2,11,True,False,False,True,False,False,False,False
10,1,10,0,18.8,68,17.3,2,11,True,False,False,True,False,False,False,False
20,1,10,0,18.8,68,17.3,2,11,True,False,False,True,False,False,False,False
5,1,10,0,18.8,68,17.3,2,11,True,False,False,True,False,False,False,False
5,1,10,0,18.8,68,17.3,2,11,False,True,False,True,False,False,False,False
5,1,10,0,18.8,68,17.3,2,11,False,True,False,True,False,False,False,False
5,1,10,0,18.8,68,17.3,2,11,False,True,False,True,False,False,False,False
5,1,10,0,18.8,68,17.3,2,11,False,False,True,True,False,False,False,False
5,1,10,0,18.8,68,17.3,2,11,False,False,True,True,False,False,False,False
5,1,10,0,18.8,68,17.3,2,11,False,False,False,True,False,False,False,False
5,1,10,0,18.8,68,17.3,2,11,False,False,False,True,False,False,False,False
5,1,10,0,18.8,68,17.3,2,11,False,False,False,True,False,False,False,False
5,1,10,0,18.8,68,17.3,2,11,False,False,False,True,False,False,False,False
5,1,10,0,18.8,68,17.3,2,11,False,False,False,True,False,False,False,False
5,1,10,0,18.8,68,17.3,2,11,False,False,False,True,False,False,False,False
5,1,10,0,18.8,68,17.3,2,11,False,False,False,True,False,False,False,False
20,1,10,0,18.8,68,17.3,2,11,True,False,False,True,False,False,False,False
5,1,10,0,18.8,68,17.3,2,11,True,False,False,True,False,False,False,False
5,1,10,0,18.8,68,17.3,2,11,True,False,False,True,False,False,False,False
10,1,10,0,18.8,68,17.3,2,11,True,False,False,True,False,False,False,False
20,1,10,0,18.8,68,17.3,2,11,True,False,False,True,False,False,False,False
5,1,10,0,18.8,68,17.3,2,11,True,False,False,True,False,False,False,False
5,1,10,0,18.8,68,17.3,2,11,False,True,False,True,False,False,False,False
5,1,10,0,18.8,68,17.3,2,11,False,True,False,True,False,False,False,False
5,1,10,0,18.8,68,17.3,2,11,False,True,False,True,False,False,False,False
5,1,10,0,18.8,68,17.3,2,11,False,False,True,True,False,False,False,False
5,1,10,0,18.8,68,17.3,2,11,False,False,True,True,False,False,False,False
5,1,10,0,18.8,68,17.3,2,11,False,False,False,True,False,False,False,False
5,1,10,0,18.8,68,17.3,2,11,False,False,False,True,False,False,False,False
10,1,10,0,18.8,68,17.3,2,11,False,False,False,True,False,False,False,False
5,1,10,0,18.8,68,17.3,2,11,False,False,False,True,False,False,False,False
5,1,10,0,18.8,68,17.3,2,11,False,False,False,True,False,False,False,False
5,1,10,0,18.8,68,17.3,2,11,False,False,False,True,False,False,False,False
5,1,10,0,18.8,68,17.3,2,11,False,False,False,True,False,False,False,False
25,1,10,0,18.8,68,17.3,2,11,True,False,False,True,False,False,False,False
10,1,10,0,18.8,68,17.3,2,11,True,False,False,True,False,False,False,False
5,1,10,0,18.8,68,17.3,2,11,True,False,False,True,False,False,False,False
10,1,10,0,18.8,68,17.3,2,11,True,False,False,True,False,False,False,False
20,1,10,0,18.8,68,17.3,2,11,True,False,False,True,False,False,False,False
5,1,10,0,18.8,68,17.3,2,11,True,False,False,True,False,False,False,False
5,1,10,0,18.8,68,17.3,2,11,False,True,False,True,False,False,False,False
5,1,10,0,18.8,68,17.3,2,11,False,True,False,True,False,False,False,False
5,1,10,0,18.8,68,17.3,2,11,False,True,False,True,False,False,False,False
5,1,10,0,18.8,68,17.3,2,11,False,False,True,True,False,False,False,False
5,1,10,0,18.8,68,17.3,2,11,False,False,True,True,False,False,False,False
5,1,10,0,18.8,68,17.3,2,11,False,False,False,True,False,False,False,False
5,1,10,0,18.8,68,17.3,2,11,False,False,False,True,False,False,False,False
10,1,10,0,18.8,68,17.3,2,11,False,False,False,True,False,False,False,False
5,1,10,0,18.8,68,17.3,2,11,False,False,False,True,False,False,False,False
5,1,10,0,18.8,68,17.3,2,11,False,False,False,True,False,False,False,False
5,1,10,0,18.8,68,17.3,2,11,False,False,False,True,False,False,False,False
5,1,10,0,18.8,68,17.3,2,11,False,False,False,True,False,False,False,False
5,1,10,0,18.8,68,17.3,2,11,True,False,False,True,False,False,False,False
5,1,10,0,18.8,68,17.3,2,11,True,False,False,True,False,False,False,False
10,1,10,0,18.8,68,17.3,2,11,True,False,False,True,False,False,False,False
20,1,10,0,18.8,68,17.3,2,11,True,False,False,True,False,False,False,False
5,1,10,0,18.8,68,17.3,2,11,True,False,False,True,False,False,False,False
5,1,10,0,18.8,68,17.3,2,11,False,True,False,True,False,False,False,False
5,1,10,0,18.8,68,17.3,2,11,False,True,False,True,False,False,False,False
5,1,10,0,18.8,68,17.3,2,11,False,True,False,True,False,False,False,False
10,1,10,0,18.8,68,17.3,2,11,False,False,True,True,False,False,False,False
5,1,10,0,18.8,68,17.3,2,11,False,False,True,True,False,False,False,False
5,1,10,0,20.2,61,18.3,1,12,False,False,False,True,False,False,False,False
5,1,10,0,20.2,61,18.3,1,12,False,False,False,True,False,False,False,False
10,1,10,0,20.2,61,18.3,1,12,False,False,False,True,False,False,False,False
5,1,10,0,20.2,61,18.3,1,12,False,False,False,True,False,False,False,False
5,1,10,0,20.2,61,18.3,1,12,False,False,False,True,False,False,False,False
5,1,10,0,20.2,61,18.3,1,12,False,False,False,True,False,False,False,False
5,1,10,0,20.2,61,18.3,1,12,False,False,False,True,False,False,False,False
20,1,10,0,20.2,61,18.3,1,12,True,False,False,True,False,False,False,False
5,1,10,0,20.2,61,18.3,1,12,True,False,False,True,False,False,False,False
5,1,10,0,20.2,61,18.3,1,12,True,False,False,True,False,False,False,False
5,1,10,0,20.2,61,18.3,1,12,True,False,False,True,False,False,False,False
10,1,10,0,20.2,61,18.3,1,12,True,False,False,True,False,False,False,False
5,1,10,0,20.2,61,18.3,1,12,True,False,False,True,False,False,False,False
5,1,10,0,20.2,61,18.3,1,12,False,True,False,True,False,False,False,False
5,1,10,0,20.2,61,18.3,1,12,False,True,False,True,False,False,False,False
5,1,10,0,20.2,61,18.3,1,12,False,True,False,True,False,False,False,False
10,1,10,0,20.2,61,18.3,1,12,False,False,True,True,False,False,False,False
5,1,10,0,20.2,61,18.3,1,12,False,False,True,True,False,False,False,False
5,1,10,0,20.2,61,18.3,1,12,False,False,False,True,False,False,False,False
5,1,10,0,20.2,61,18.3,1,12,False,False,False,True,False,False,False,False
10,1,10,0,20.2,61,18.3,1,12,False,False,False,True,False,False,False,False
5,1,10,0,20.2,61,18.3,1,12,False,False,False,True,False,False,False,False
5,1,10,0,20.2,61,18.3,1,12,False,False,False,True,False,False,False,False
5,1,10,0,20.2,61,18.3,1,12,False,False,False,True,False,False,False,False
5,1,10,0,20.2,61,18.3,1,12,False,False,False,True,False,False,False,False
20,1,10,0,20.2,61,18.3,1,12,True,False,False,True,False,False,False,False
5,1,10,0,20.2,61,18.3,1,12,True,False,False,True,False,False,False,False
5,1,10,0,20.2,61,18.3,1,12,True,False,False,True,False,False,False,False
5,1,10,0,20.2,61,18.3,1,12,True,False,False,True,False,False,False,False
10,1,10,0,20.2,61,18.3,1,12,True,False,False,True,False,False,False,False
5,1,10,0,20.2,61,18.3,1,12,True,False,False,True,False,False,False,False
5,1,10,0,20.2,61,18.3,1,12,False,True,False,True,False,False,False,False
5,1,10,0,20.2,61,18.3,1,12,False,True,False,True,False,False,False,False
5,1,10,0,20.2,61,18.3,1,12,False,True,False,True,False,False,False,False
10,1,10,0,20.2,61,18.3,1,12,False,False,True,True,False,False,False,False
5,1,10,0,20.2,61,18.3,1,12,False,False,True,True,False,False,False,False
5,1,10,0,20.2,61,18.3,1,12,False,False,False,True,False,False,False,False
5,1,10,0,20.2,61,18.3,1,12,False,False,False,True,False,False,False,False
10,1,10,0,20.2,61,18.3,1,12,False,False,False,True,False,False,False,False
5,1,10,0,20.2,61,18.3,1,12,False,False,False,True,False,False,False,False
5,1,10,0,20.2,61,18.3,1,12,False,False,False,True,False,False,False,False
5,1,10,0,20.2,61,18.3,1,12,False,False,False,True,False,False,False,False
5,1,10,0,20.2,61,18.3,1,12,False,False,False,True,False,False,False,False
15,1,10,0,20.2,61,18.3,1,12,True,False,False,True,False,False,False,False
5,1,10,0,20.2,61,18.3,1,12,True,False,False,True,False,False,False,False
5,1,10,0,20.2,61,18.3,1,12,True,False,False,True,False,False,False,False
5,1,10,0,20.2,61,18.3,1,12,True,False,False,True,False,False,False,False
10,1,10,0,20.2,61,18.3,1,12,True,False,False,True,False,False,False,False
5,1,10,0,20.2,61,18.3,1,12,True,False,False,True,False,False,False,False
5,1,10,0,20.2,61,18.3,1,12,False,True,False,True,False,False,False,False
5,1,10,0,20.2,61,18.3,1,12,False,True,False,True,False,False,False,False
5,1,10,0,20.2,61,18.3,1,12,False,True,False,True,False,False,False,False
5,1,10,0,20.2,61,18.3,1,12,False,False,True,True,False,False,False,False
5,1,10,0,20.2,61,18.3,1,12,False,False,True,True,False,False,False,False
5,1,10,0,20.2,61,18.3,1,12,False,False,False,True,False,False,False,False
5,1,10,0,20.2,61,18.3,1,12,False,False,False,True,False,False,False,False
10,1,10,0,20.2,61,18.3,1,12,False,False,False,True,False,False,False,False
5,1,10,0,20.2,61,18.3,1,12,False,False,False,True,False,False,False,False
5,1,10,0,20.2,61,18.3,1,12,False,False,False,True,False,False,False,False
5,1,10,0,20.2,61,18.3,1,12,False,False,False,True,False,False,False,False
5,1,10,0,20.2,61,18.3,1,12,False,False,False,True,False,False,False,False
5,1,10,0,20.2,61,18.3,1,12,True,False,False,True,False,False,False,False
5,1,10,0,20.2,61,18.3,1,12,True,False,False,True,False,False,False,False
5,1,10,0,20.2,61,18.3,1,12,True,False,False,True,False,False,False,False
10,1,10,0,20.2,61,18.3,1,12,True,False,False,True,False,False,False,False
5,1,10,0,20.2,61,18.3,1,12,True,False,False,True,False,False,False,False
5,1,10,0,20.2,61,18.3,1,12,False,True,False,True,False,False,False,False
5,1,10,0,20.2,61,18.3,1,12,False,True,False,True,False,False,False,False
5,1,10,0,20.2,61,18.3,1,12,False,True,False,True,False,False,False,False
5,1,10,0,20.2,61,18.3,1,12,False,False,True,True,False,False,False,False
5,1,10,0,20.9,58,19.3,1,13,False,False,False,True,False,False,False,False
5,1,10,0,20.9,58,19.3,1,13,False,False,False,True,False,False,False,False
10,1,10,0,20.9,58,19.3,1,13,False,False,False,True,False,False,False,False
5,1,10,0,20.9,58,19.3,1,13,False,False,False,True,False,False,False,False
5,1,10,0,20.9,58,19.3,1,13,False,False,False,True,False,False,False,False
5,1,10,0,20.9,58,19.3,1,13,False,False,False,True,False,False,False,False
5,1,10,0,20.9,58,19.3,1,13,False,False,False,True,False,False,False,False
15,1,10,0,20.9,58,19.3,1,13,True,False,False,True,False,False,False,False
5,1,10,0,20.9,58,19.3,1,13,True,False,False,True,False,False,False,False
5,1,10,0,20.9,58,19.3,1,13,True,False,False,True,False,False,False,False
5,1,10,0,20.9,58,19.3,1,13,True,False,False,True,False,False,False,False
5,1,10,0,20.9,58,19.3,1,13,True,False,False,True,False,False,False,False
5,1,10,0,20.9,58,19.3,1,13,True,False,False,True,False,False,False,False
5,1,10,0,20.9,58,19.3,1,13,False,True,False,True,False,False,False,False
5,1,10,0,20.9,58,19.3,1,13,False,True,False,True,False,False,False,False
5,1,10,0,20.9,58,19.3,1,13,False,True,False,True,False,False,False,False
5,1,10,0,20.9,58,19.3,1,13,False,False,True,True,False,False,False,False
5,1,10,0,20.9,58,19.3,1,13,False,False,True,True,False,False,False,False
5,1,10,0,20.9,58,19.3,1,13,False,False,False,True,False,False,False,False
5,1,10,0,20.9,58,19.3,1,13,False,False,False,True,False,False,False,False
5,1,10,0,20.9,58,19.3,1,13,False,False,False,True,False,False,False,False
10,1,10,0,20.9,58,19.3,1,13,False,False,False,True,False,False,False,False
5,1,10,0,20.9,58,19.3,1,13,False,False,False,True,False,False,False,False
5,1,10,0,20.9,58,19.3,1,13,False,False,False,True,False,False,False,False
5,1,10,0,20.9,58,19.3,1,13,False,False,False,True,False,False,False,False
5,1,10,0,20.9,58,19.3,1,13,True,False,False,True,False,False,False,False
5,1,10,0,20.9,58,19.3,1,13,True,False,False,True,False,False,False,False
5,1,10,0,20.9,58,19.3,1,13,True,False,False,True,False,False,False,False
5,1,10,0,20.9,58,19.3,1,13,True,False,False,True,False,False,False,False
5,1,10,0,20.9,58,19.3,1,13,True,False,False,True,False,False,False,False
5,1,10,0,20.9,58,19.3,1,13,True,False,False,True,False,False,False,False
5,1,10,0,20.9,58,19.3,1,13,False,True,False,True,False,False,False,False
5,1,10,0,20.9,58,19.3,1,13,False,True,False,True,False,False,False,False
5,1,10,0,20.9,58,19.3,1,13,False,True,False,True,False,False,False,False
5,1,10,0,20.9,58,19.3,1,13,False,False,True,True,False,False,False,False
5,1,10,0,20.9,58,19.3,1,13,False,False,True,True,False,False,False,False
5,1,10,0,20.9,58,19.3,1,13,False,False,False,True,False,False,False,False
5,1,10,0,20.9,58,19.3,1,13,False,False,False,True,False,False,False,False
5,1,10,0,20.9,58,19.3,1,13,False,False,False,True,False,False,False,False
10,1,10,0,20.9,58,19.3,1,13,False,False,False,True,False,False,False,False
5,1,10,0,20.9,58,19.3,1,13,False,False,False,True,False,False,False,False
5,1,10,0,20.9,58,19.3,1,13,False,False,False,True,False,False,False,False
5,1,10,0,20.9,58,19.3,1,13,False,False,False,True,False,False,False,False
5,1,10,0,20.9,58,19.3,1,13,True,False,False,True,False,False,False,False
5,1,10,0,20.9,58,19.3,1,13,True,False,False,True,False,False,False,False
5,1,10,0,20.9,58,19.3,1,13,True,False,False,True,False,False,False,False
5,1,10,0,20.9,58,19.3,1,13,True,False,False,True,False,False,False,False
5,1,10,0,20.9,58,19.3,1,13,True,False,False,True,False,False,False,False
5,1,10,0,20.9,58,19.3,1,13,True,False,False,True,False,False,False,False
5,1,10,0,20.9,58,19.3,1,13,False,True,False,True,False,False,False,False
5,1,10,0,20.9,58,19.3,1,13,False,True,False,True,False,False,False,False
5,1,10,0,20.9,58,19.3,1,13,False,True,False,True,False,False,False,False
5,1,10,0,20.9,58,19.3,1,13,False,False,True,True,False,False,False,False
5,1,10,0,20.9,58,19.3,1,13,False,False,True,True,False,False,False,False
5,1,10,0,20.9,58,19.3,1,13,False,False,False,True,False,False,False,False
5,1,10,0,20.9,58,19.3,1,13,False,False,False,True,False,False,False,False
5,1,10,0,20.9,58,19.3,1,13,False,False,False,True,False,False,False,False
10,1,10,0,20.9,58,19.3,1,13,False,False,False,True,False,False,False,False
5,1,10,0,20.9,58,19.3,1,13,False,False,False,True,False,False,False,False
5,1,10,0,20.9,58,19.3,1,13,False,False,False,True,False,False,False,False
5,1,10,0,20.9,58,19.3,1,13,False,False,False,True,False,False,False,False
5,1,10,0,20.9,58,19.3,1,13,True,False,False,True,False,False,False,False
5,1,10,0,20.9,58,19.3,1,13,True,False,False,True,False,False,False,False
5,1,10,0,20.9,58,19.3,1,13,True,False,False,True,False,False,False,False
5,1,10,0,20.9,58,19.3,1,13,True,False,False,True,False,False,False,False
5,1,10,0,20.9,58,19.3,1,13,True,False,False,True,False,False,False,False
5,1,10,0,20.9,58,19.3,1,13,False,True,False,True,False,False,False,False
5,1,10,0,20.9,58,19.3,1,13,False,True,False,True,False,False,False,False
5,1,10,0,20.9,58,19.3,1,13,False,True,False,True,False,False,False,False
5,1,10,0,20.9,58,19.3,1,13,False,False,True,True,False,False,False,False
5,1,10,0,20.9,58,19.3,1,13,False,False,True,True,False,False,False,False
5,1,10,0,21.7,51,19.2,2,14,False,False,False,True,False,False,False,False
5,1,10,0,21.7,51,19.2,2,14,False,False,False,True,False,False,False,False
5,1,10,0,21.7,51,19.2,2,14,False,False,False,True,False,False,False,False
5,1,10,0,21.7,51,19.2,2,14,False,False,False,True,False,False,False,False
5,1,10,0,21.7,51,19.2,2,14,False,False,False,True,False,False,False,False
5,1,10,0,21.7,51,19.2,2,14,False,False,False,True,False,False,False,False
5,1,10,0,21.7,51,19.2,2,14,True,False,False,True,False,False,False,False
5,1,10,0,21.7,51,19.2,2,14,True,False,False,True,False,False,False,False
5,1,10,0,21.7,51,19.2,2,14,True,False,False,True,False,False,False,False
5,1,10,0,21.7,51,19.2,2,14,True,False,False,True,False,False,False,False
10,1,10,0,21.7,51,19.2,2,14,True,False,False,True,False,False,False,False
5,1,10,0,21.7,51,19.2,2,14,False,True,False,True,False,False,False,False
5,1,10,0,21.7,51,19.2,2,14,False,True,False,True,False,False,False,False
10,1,10,0,21.7,51,19.2,2,14,False,True,False,True,False,False,False,False
5,1,10,0,21.7,51,19.2,2,14,False,False,True,True,False,False,False,False
5,1,10,0,21.7,51,19.2,2,14,False,False,True,True,False,False,False,False
5,1,10,0,17.3,68,16.1,2,15,False,False,False,False,False,False,False,False
5,1,10,0,17.3,68,16.1,2,15,False,False,False,False,False,False,False,False
15,1,10,0,17.3,68,16.1,2,15,False,False,False,False,False,False,False,False
20,1,10,0,17.3,68,16.1,2,15,False,False,False,False,False,False,False,False
5,1,10,0,17.3,68,16.1,2,15,False,False,False,False,False,False,False,False
5,1,10,0,17.3,68,16.1,2,15,False,False,False,False,False,False,False,False
10,1,10,0,17.3,68,16.1,2,15,False,False,False,False,False,False,False,False
20,1,10,0,17.3,68,16.1,2,15,True,False,False,False,False,False,False,False
5,1,10,0,17.3,68,16.1,2,15,True,False,False,False,False,False,False,False
15,1,10,0,17.3,68,16.1,2,15,True,False,False,False,False,False,False,False
10,1,10,0,17.3,68,16.1,2,15,True,False,False,False,False,False,False,False
10,1,10,0,17.3,68,16.1,2,15,True,False,False,False,False,False,False,False
5,1,10,0,17.3,68,16.1,2,15,False,True,False,False,False,False,False,False
5,1,10,0,17.3,68,16.1,2,15,False,True,False,False,False,False,False,False
20,1,10,0,17.3,68,16.1,2,15,False,False,True,False,False,False,False,False
5,1,10,0,17.3,68,16.1,2,15,False,False,True,False,False,False,False,False
5,1,10,0,17.3,68,16.1,2,15,False,False,False,False,False,False,False,False
5,1,10,0,17.3,68,16.1,2,15,False,False,False,False,False,False,False,False
10,1,10,0,17.3,68,16.1,2,15,False,False,False,False,False,False,False,False
999,1,10,0,17.3,68,16.1,2,15,False,False,False,False,False,False,False,False
5,1,10,0,17.3,68,16.1,2,15,False,False,False,False,False,False,False,False
5,1,10,0,17.3,68,16.1,2,15,False,False,False,False,False,False,False,False
10,1,10,0,17.3,68,16.1,2,15,False,False,False,False,False,False,False,False
15,1,10,0,17.3,68,16.1,2,15,True,False,False,False,False,False,False,False
10,1,10,0,17.3,68,16.1,2,15,True,False,False,False,False,False,False,False
5,1,10,0,17.3,68,16.1,2,15,True,False,False,False,False,False,False,False
15,1,10,0,17.3,68,16.1,2,15,True,False,False,False,False,False,False,False
10,1,10,0,17.3,68,16.1,2,15,True,False,False,False,False,False,False,False
10,1,10,0,17.3,68,16.1,2,15,True,False,False,False,False,False,False,False
5,1,10,0,17.3,68,16.1,2,15,False,True,False,False,False,False,False,False
5,1,10,0,17.3,68,16.1,2,15,False,True,False,False,False,False,False,False
30,1,10,0,17.3,68,16.1,2,15,False,False,True,False,False,False,False,False
5,1,10,0,17.3,68,16.1,2,15,False,False,True,False,False,False,False,False
5,1,10,0,17.3,68,16.1,2,15,False,False,False,False,False,False,False,False
5,1,10,0,17.3,68,16.1,2,15,False,False,False,False,False,False,False,False
20,1,10,0,17.3,68,16.1,2,15,False,False,False,False,False,False,False,False
5,1,10,0,17.3,68,16.1,2,15,False,False,False,False,False,False,False,False
5,1,10,0,17.3,68,16.1,2,15,False,False,False,False,False,False,False,False
5,1,10,0,17.3,68,16.1,2,15,False,False,False,False,False,False,False,False
10,1,10,0,17.3,68,16.1,2,15,False,False,False,False,False,False,False,False
10,1,10,0,17.3,68,16.1,2,15,True,False,False,False,False,False,False,False
20,1,10,0,17.3,68,16.1,2,15,True,False,False,False,False,False,False,False
5,1,10,0,17.3,68,16.1,2,15,True,False,False,False,False,False,False,False
15,1,10,0,17.3,68,16.1,2,15,True,False,False,False,False,False,False,False
15,1,10,0,17.3,68,16.1,2,15,True,False,False,False,False,False,False,False
10,1,10,0,17.3,68,16.1,2,15,True,False,False,False,False,False,False,False
5,1,10,0,17.3,68,16.1,2,15,False,True,False,False,False,False,False,False
20,1,10,0,17.3,68,16.1,2,15,False,False,True,False,False,False,False,False
5,1,10,0,17.3,68,16.1,2,15,False,False,True,False,False,False,False,False
5,1,10,0,17.2,71,16.5,2,16,False,False,False,False,False,False,False,False
5,1,10,0,17.2,71,16.5,2,16,False,False,False,False,False,False,False,False
20,1,10,0,17.2,71,16.5,2,16,False,False,False,False,False,False,False,False
10,1,10,0,17.2,71,16.5,2,16,False,False,False,False,False,False,False,False
5,1,10,0,17.2,71,16.5,2,16,False,False,False,False,False,False,False,False
5,1,10,0,17.2,71,16.5,2,16,False,False,False,False,False,False,False,False
10,1,10,0,17.2,71,16.5,2,16,False,False,False,False,False,False,False,False
15,1,10,0,17.2,71,16.5,2,16,True,False,False,False,False,False,False,False
20,1,10,0,17.2,71,16.5,2,16,True,False,False,False,False,False,False,False
5,1,10,0,17.2,71,16.5,2,16,True,False,False,False,False,False,False,False
15,1,10,0,17.2,71,16.5,2,16,True,False,False,False,False,False,False,False
25,1,10,0,17.2,71,16.5,2,16,True,False,False,False,False,False,False,False
10,1,10,0,17.2,71,16.5,2,16,True,False,False,False,False,False,False,False
5,1,10,0,17.2,71,16.5,2,16,False,True,False,False,False,False,False,False
5,1,10,0,17.2,71,16.5,2,16,False,True,False,False,False,False,False,False
20,1,10,0,17.2,71,16.5,2,16,False,False,True,False,False,False,False,False
5,1,10,0,17.2,71,16.5,2,16,False,False,True,False,False,False,False,False
5,1,11,1,12.0,59,9.0,1,11,False,False,False,False,True,False,False,True
5,1,11,1,12.0,59,9.0,1,11,False,False,False,False,True,False,False,True
30,1,11,1,12.0,59,9.0,1,11,False,False,False,False,True,False,False,True
5,1,11,1,12.0,59,9.0,1,11,False,False,False,False,True,False,False,True
5,1,11,1,12.0,59,9.0,1,11,False,False,False,False,True,False,False,True
30,1,11,1,12.0,59,9.0,1,11,True,False,False,False,True,False,False,True
5,1,11,1,12.0,59,9.0,1,11,True,False,False,False,True,False,False,True
5,1,11,1,12.0,59,9.0,1,11,True,False,False,False,True,False,False,True
5,1,11,1,12.0,59,9.0,1,11,True,False,False,False,True,False,False,True
5,1,11,1,12.0,59,9.0,1,11,True,False,False,False,True,False,False,True
5,1,11,1,12.0,59,9.0,1,11,True,False,False,False,True,False,False,True
5,1,11,1,12.0,59,9.0,1,11,False,True,False,False,True,False,False,True
5,1,11,1,12.0,59,9.0,1,11,False,True,False,False,True,False,False,True
5,1,11,1,12.0,59,9.0,1,11,False,True,False,False,True,False,False,True
5,1,11,1,12.0,59,9.0,1,11,False,False,True,False,True,False,False,True
5,1,11,1,12.0,59,9.0,1,11,False,False,False,False,True,False,False,True
5,1,11,1,12.0,59,9.0,1,11,False,False,False,False,True,False,False,True
30,1,11,1,12.0,59,9.0,1,11,False,False,False,False,True,False,False,True
5,1,11,1,12.0,59,9.0,1,11,False,False,False,False,True,False,False,True
5,1,11,1,12.0,59,9.0,1,11,False,False,False,False,True,False,False,True
30,1,11,1,12.0,59,9.0,1,11,True,False,False,False,True,False,False,True
5,1,11,1,12.0,59,9.0,1,11,True,False,False,False,True,False,False,True
5,1,11,1,12.0,59,9.0,1,11,True,False,False,False,True,False,False,True
5,1,11,1,12.0,59,9.0,1,11,True,False,False,False,True,False,False,True
5,1,11,1,12.0,59,9.0,1,11,True,False,False,False,True,False,False,True
5,1,11,1,12.0,59,9.0,1,11,True,False,False,False,True,False,False,True
5,1,11,1,12.0,59,9.0,1,11,False,True,False,False,True,False,False,True
5,1,11,1,12.0,59,9.0,1,11,False,True,False,False,True,False,False,True
5,1,11,1,12.0,59,9.0,1,11,False,True,False,False,True,False,False,True
5,1,11,1,12.0,59,9.0,1,11,False,False,True,False,True,False,False,True
5,1,11,1,12.0,59,9.0,1,11,False,False,False,False,True,False,False,True
5,1,11,1,12.0,59,9.0,1,11,False,False,False,False,True,False,False,True
5,1,11,1,12.0,59,9.0,1,11,False,False,False,False,True,False,False,True
30,1,11,1,12.0,59,9.0,1,11,False,False,False,False,True,False,False,True
5,1,11,1,12.0,59,9.0,1,11,False,False,False,False,True,False,False,True
5,1,11,1,12.0,59,9.0,1,11,False,False,False,False,True,False,False,True
5,1,11,1,12.0,59,9.0,1,11,False,False,False,False,True,False,False,True
30,1,11,1,12.0,59,9.0,1,11,True,False,False,False,True,False,False,True
5,1,11,1,12.0,59,9.0,1,11,True,False,False,False,True,False,False,True
5,1,11,1,12.0,59,9.0,1,11,True,False,False,False,True,False,False,True
5,1,11,1,12.0,59,9.0,1,11,True,False,False,False,True,False,False,True
5,1,11,1,12.0,59,9.0,1,11,True,False,False,False,True,False,False,True
5,1,11,1,12.0,59,9.0,1,11,True,False,False,False,True,False,False,True
5,1,11,1,12.0,59,9.0,1,11,False,True,False,False,True,False,False,True
5,1,11,1,12.0,59,9.0,1,11,False,True,False,False,True,False,False,True
5,1,11,1,12.0,59,9.0,1,11,False,True,False,False,True,False,False,True
5,1,11,1,12.0,59,9.0,1,11,False,False,True,False,True,False,False,True
5,1,11,1,12.0,59,9.0,1,11,False,False,True,False,True,False,False,True
5,1,11,1,12.0,59,9.0,1,11,False,False,False,False,True,False,False,True
5,1,11,1,12.0,59,9.0,1,11,False,False,False,False,True,False,False,True
5,1,11,1,12.0,59,9.0,1,11,False,False,False,False,True,False,False,True
30,1,11,1,12.0,59,9.0,1,11,False,False,False,False,True,False,False,True
5,1,11,1,12.0,59,9.0,1,11,False,False,False,False,True,False,False,True
5,1,11,1,12.0,59,9.0,1,11,False,False,False,False,True,False,False,True
5,1,11,1,12.0,59,9.0,1,11,False,False,False,False,True,False,False,True
30,1,11,1,12.0,59,9.0,1,11,True,False,False,False,True,False,False,True
5,1,11,1,12.0,59,9.0,1,11,True,False,False,False,True,False,False,True
5,1,11,1,12.0,59,9.0,1,11,True,False,False,False,True,False,False,True
5,1,11,1,12.0,59,9.0,1,11,True,False,False,False,True,False,False,True
5,1,11,1,12.0,59,9.0,1,11,True,False,False,False,True,False,False,True
5,1,11,1,12.0,59,9.0,1,11,True,False,False,False,True,False,False,True
5,1,11,1,12.0,59,9.0,1,11,False,True,False,False,True,False,False,True
5,1,11,1,12.0,59,9.0,1,11,False,True,False,False,True,False,False,True
5,1,11,1,12.0,59,9.0,1,11,False,True,False,False,True,False,False,True
5,1,11,1,12.0,59,9.0,1,11,False,False,True,False,True,False,False,True
5,1,11,1,12.0,59,9.0,1,11,False,False,True,False,True,False,False,True
5,1,11,1,12.0,59,9.0,1,11,False,False,False,False,True,False,False,True
5,1,11,1,12.0,59,9.0,1,11,False,False,False,False,True,False,False,True
5,1,11,1,12.0,59,9.0,1,11,False,False,False,False,True,False,False,True
30,1,11,1,12.0,59,9.0,1,11,False,False,False,False,True,False,False,True
5,1,11,1,12.0,59,9.0,1,11,False,False,False,False,True,False,False,True
5,1,11,1,12.0,59,9.0,1,11,False,False,False,False,True,False,False,True
5,1,11,1,12.0,59,9.0,1,11,False,False,False,False,True,False,False,True
40,1,11,1,12.0,59,9.0,1,11,True,False,False,False,True,False,False,True
5,1,11,1,12.0,59,9.0,1,11,True,False,False,False,True,False,False,True
5,1,11,1,12.0,59,9.0,1,11,True,False,False,False,True,False,False,True
5,1,11,1,12.0,59,9.0,1,11,True,False,False,False,True,False,False,True
5,1,11,1,12.0,59,9.0,1,11,True,False,False,False,True,False,False,True
5,1,11,1,12.0,59,9.0,1,11,True,False,False,False,True,False,False,True
5,1,11,1,12.0,59,9.0,1,11,False,True,False,False,True,False,False,True
5,1,11,1,12.0,59,9.0,1,11,False,True,False,False,True,False,False,True
5,1,11,1,12.0,59,9.0,1,11,False,True,False,False,True,False,False,True
5,1,11,1,12.0,59,9.0,1,11,False,False,True,False,True,False,False,True
5,1,11,1,12.0,59,9.0,1,11,False,False,True,False,True,False,False,True
